jid,profit,strat,risk,time,influence
investor10@localhost,0.0402926629911175,3,0.99,0.79,0.22
investor9@localhost,0.0111767526319336,2,0.51,0.27,0.55
investor7@localhost,0.042628862113173,4,0.7,0.68,0.09
investor2@localhost,0.0217860786027479,3,0.68,0.33,0.69
